KIVA PIN,Violation Count,Property Score,Average Durations
114936,16,0.36875,417.8125
146992,6,0.4444444444444444,465.6666666666667
23895,0,0.0,0.0
19639,20,0.4966250000000001,1156.75
133587,50,0.45099999999999996,375.82
73684,2,0.325,93.0
155254,7,0.3,232.57142857142858
40530,27,0.35082304526748975,1033.4074074074074
